{"cameraMode":{"drawMode":0,"name":"Shaded","section":"Shading Mode"},"sceneLighting":false,"audioPlay":false,"sceneViewState":{"showFog":true,"showMaterialUpdate":false,"showSkybox":false,"showFlares":true,"showImageEffects":true,"showParticleSystems":true,"showVisualEffectGraphs":true,"m_FxEnabled":true},"in2DMode":false,"pivot":{"x":23.209999084472658,"y":0.660003662109375,"z":-12.599998474121094},"rotation":{"x":0.058036547154188159,"y":0.6899682283401489,"z":-0.056410737335681918,"w":0.7196230292320252},"size":121.2435531616211,"orthographic":false}