{"cameraMode":{"drawMode":0,"name":"Shaded","section":"Shading Mode"},"sceneLighting":true,"audioPlay":false,"sceneViewState":{"showFog":true,"showMaterialUpdate":false,"showSkybox":true,"showFlares":true,"showImageEffects":true,"showParticleSystems":true,"showVisualEffectGraphs":true,"m_FxEnabled":true},"in2DMode":false,"pivot":{"x":-2.0942416191101076,"y":-1.1736254692077637,"z":-5.972164630889893},"rotation":{"x":0.007449707947671413,"y":0.9893794655799866,"z":-0.056492213159799579,"w":0.13499310612678529},"size":4.945678234100342,"orthographic":false}